{
  "train_runtime": 1891.6823,
  "train_samples_per_second": 2.078,
  "train_steps_per_second": 0.128,
  "total_flos": 2.6292038363316634e+17,
  "train_loss": 1.6017530072373127,
  "epoch": 2.9648854961832063
}