{
  "train_runtime": 2460.199,
  "train_samples_per_second": 1.646,
  "train_steps_per_second": 0.102,
  "total_flos": 3.4957279084570214e+17,
  "train_loss": 0.7822200868810926,
  "epoch": 2.9718518518518517
}