{
  "train_runtime": 740.9628,
  "train_samples_per_second": 5.138,
  "train_steps_per_second": 0.32,
  "total_flos": 8.397221085033984e+16,
  "train_loss": 0.6601969340682533,
  "epoch": 2.970843183609141
}