{
  "train_runtime": 1680.4185,
  "train_samples_per_second": 2.41,
  "train_steps_per_second": 0.15,
  "total_flos": 2.311670106928466e+17,
  "train_loss": 2.6174147507501027,
  "epoch": 2.9718518518518517
}