{
  "train_runtime": 2527.564,
  "train_samples_per_second": 1.602,
  "train_steps_per_second": 0.1,
  "total_flos": 3.4957279084570214e+17,
  "train_loss": 0.5399235378182123,
  "epoch": 2.9718518518518517
}