{
  "train_runtime": 679.9845,
  "train_samples_per_second": 5.903,
  "train_steps_per_second": 0.366,
  "total_flos": 6.443677576265933e+16,
  "train_loss": 1.046727421772049,
  "epoch": 2.968609865470852
}