{
  "train_runtime": 716.7038,
  "train_samples_per_second": 5.651,
  "train_steps_per_second": 0.352,
  "total_flos": 7.312396110482534e+16,
  "train_loss": 2.2935984380661494,
  "epoch": 2.9718518518518517
}