{
  "train_runtime": 759.4062,
  "train_samples_per_second": 5.325,
  "train_steps_per_second": 0.332,
  "total_flos": 8.581355089122816e+16,
  "train_loss": 1.4180328174242898,
  "epoch": 2.973293768545994
}