{
  "train_runtime": 775.6754,
  "train_samples_per_second": 5.221,
  "train_steps_per_second": 0.325,
  "total_flos": 8.987522027716915e+16,
  "train_loss": 1.1398367574290624,
  "epoch": 2.9718518518518517
}