{
  "train_runtime": 2637.2489,
  "train_samples_per_second": 1.53,
  "train_steps_per_second": 0.096,
  "total_flos": 3.48701472822657e+17,
  "train_loss": 1.8005637611661638,
  "epoch": 2.9754646840148697
}