{
  "train_runtime": 741.6421,
  "train_samples_per_second": 5.461,
  "train_steps_per_second": 0.34,
  "total_flos": 8.146325741015347e+16,
  "train_loss": 0.3647909882286238,
  "epoch": 2.9718518518518517
}