{
  "train_runtime": 2476.772,
  "train_samples_per_second": 1.635,
  "train_steps_per_second": 0.102,
  "total_flos": 3.4957279084570214e+17,
  "train_loss": 2.0603308847972324,
  "epoch": 2.9718518518518517
}