{
  "train_runtime": 2470.326,
  "train_samples_per_second": 1.639,
  "train_steps_per_second": 0.102,
  "total_flos": 3.4957279084570214e+17,
  "train_loss": 1.0862656756052895,
  "epoch": 2.9718518518518517
}