{
  "train_runtime": 2108.2767,
  "train_samples_per_second": 1.921,
  "train_steps_per_second": 0.12,
  "total_flos": 3.0567814582801306e+17,
  "train_loss": 0.48664203995750066,
  "epoch": 2.9718518518518517
}