{
  "train_runtime": 1359.6654,
  "train_samples_per_second": 2.979,
  "train_steps_per_second": 0.185,
  "total_flos": 1.8772734003738624e+17,
  "train_loss": 0.32869230080691597,
  "epoch": 2.9718518518518517
}